fold_month,fold_start,fold_end,horizon,n_origins_valid,rmse_sarima,rmse_persistence,skill
2020-01,2020-01-01,2020-01-31,1,15,26.104521238970882,25.203174403237384,-0.035763226540928006
2020-01,2020-01-01,2020-01-31,2,14,33.539033608377345,40.506613216679995,0.17201091513208788
2020-01,2020-01-01,2020-01-31,3,14,35.239469204275515,47.322601063641585,0.255335327893666
2020-01,2020-01-01,2020-01-31,4,14,35.372576587077546,49.96641729344678,0.2920729861551081
2020-01,2020-01-01,2020-01-31,5,14,35.117341296056814,51.142657621318705,0.31334539639922376
2020-01,2020-01-01,2020-01-31,6,14,34.91554009259378,51.66167410594213,0.3241500455251838
2020-01,2020-01-01,2020-01-31,7,14,24.446826097223454,44.57097069361883,0.45150788244503115
2020-02,2020-02-01,2020-02-29,1,27,24.928804704651707,28.85468060111899,0.13605681347639098
2020-02,2020-02-01,2020-02-29,2,27,28.014666978034874,37.04701717387625,0.24380775794847387
2020-02,2020-02-01,2020-02-29,3,27,27.3620697232474,35.72321581476321,0.23405356715003311
2020-02,2020-02-01,2020-02-29,4,27,27.8278568134503,39.34510181759652,0.29272373108957883
2020-02,2020-02-01,2020-02-29,5,27,27.768022339209292,39.99953703435782,0.3057914066515871
2020-02,2020-02-01,2020-02-29,6,27,27.503562652216768,39.0185141239956,0.29511506858477143
2020-02,2020-02-01,2020-02-29,7,27,27.60231957709489,40.40947816943354,0.31693452062507
2020-03,2020-03-01,2020-03-31,1,29,8.293758101745173,9.334770004369833,0.11151982342760858
2020-03,2020-03-01,2020-03-31,2,29,7.700020291717233,8.644312461441597,0.10923855123659965
2020-03,2020-03-01,2020-03-31,3,29,7.954123629247394,8.34390134500477,0.04671408489156259
2020-03,2020-03-01,2020-03-31,4,29,8.399213682315569,9.191450300180579,0.08619277611167031
2020-03,2020-03-01,2020-03-31,5,29,8.507758424047248,9.310727961465409,0.08624132728841771
2020-03,2020-03-01,2020-03-31,6,29,8.240340537861968,8.533908026625115,0.03440012334879161
2020-03,2020-03-01,2020-03-31,7,29,8.08244683920707,8.975061233102036,0.09945496422941436
2020-04,2020-04-01,2020-04-30,1,23,4.429122836873445,2.553769592276246,-0.7343470805937682
2020-04,2020-04-01,2020-04-30,2,22,5.8423735279686815,3.89638527122488,-0.49943425028194266
2020-04,2020-04-01,2020-04-30,3,22,6.2399417051730035,4.242640687119285,-0.4707683646455265
2020-04,2020-04-01,2020-04-30,4,22,6.260658358482577,3.9772077916777016,-0.5741340876337895
2020-04,2020-04-01,2020-04-30,5,22,6.074624785393607,5.112373581455451,-0.18822004859515995
2020-04,2020-04-01,2020-04-30,6,23,5.389317079894905,5.03466246008176,-0.07044258132994785
2020-04,2020-04-01,2020-04-30,7,23,5.382897526556862,4.667184236309102,-0.15335012590241348
2020-05,2020-05-01,2020-05-31,1,24,4.307783726604325,4.148292821551214,-0.03844735941120736
2020-05,2020-05-01,2020-05-31,2,23,4.972143024744724,5.548207701199747,0.1038289673853513
2020-05,2020-05-01,2020-05-31,3,22,5.456448773380939,6.664014624015384,0.1812069628843086
2020-05,2020-05-01,2020-05-31,4,21,6.027553395315965,7.816344292265924,0.22885262343419577
2020-05,2020-05-01,2020-05-31,5,20,6.09062282724677,8.034301463101817,0.24192254233694732
2020-05,2020-05-01,2020-05-31,6,19,6.153656710097457,9.023361492901575,0.3180305682158068
2020-05,2020-05-01,2020-05-31,7,19,5.8095144191210295,9.020444615019349,0.35596141132023695
2020-06,2020-06-01,2020-06-30,1,26,5.606688993932935,5.63300712149108,0.004672127513870139
2020-06,2020-06-01,2020-06-30,2,26,5.812167745795914,7.127951480453014,0.18459493421993312
2020-06,2020-06-01,2020-06-30,3,26,6.3777715919999025,7.94935894851325,0.19769988582630027
2020-06,2020-06-01,2020-06-30,4,26,6.390211326117576,7.922703501282297,0.19343045904932388
2020-06,2020-06-01,2020-06-30,5,26,6.559622150473403,8.651367166301165,0.24178201845085656
2020-06,2020-06-01,2020-06-30,6,26,6.492261119764151,9.629681678579475,0.32580729701525724
2020-06,2020-06-01,2020-06-30,7,26,6.38129421724048,8.91843380524078,0.28448263937434715
2020-07,2020-07-01,2020-07-31,1,22,4.5257528097183215,5.252704930881715,0.13839576574908963
2020-07,2020-07-01,2020-07-31,2,20,4.989215089297488,6.1278054799414114,0.18580720200256906
2020-07,2020-07-01,2020-07-31,3,19,5.189898151786226,7.674290640971663,0.32372926768263255
2020-07,2020-07-01,2020-07-31,4,19,5.217585370760509,8.101331924280625,0.35595956078249247
2020-07,2020-07-01,2020-07-31,5,20,6.05888558451256,8.734987120768983,0.3063658250730005
2020-07,2020-07-01,2020-07-31,6,21,5.68994273849189,8.64649667564296,0.3419366302978678
2020-07,2020-07-01,2020-07-31,7,21,6.08523827679668,8.994707438530833,0.3234645686496477
2020-08,2020-08-01,2020-08-31,1,21,3.3674720393556807,3.5923198500080566,0.06259125580142078
2020-08,2020-08-01,2020-08-31,2,19,3.9473582327163133,5.628872935705317,0.29873026486754484
2020-08,2020-08-01,2020-08-31,3,19,4.273191693294258,7.20380016672487,0.40681423770850955
2020-08,2020-08-01,2020-08-31,4,18,4.347867480442642,7.954733042521149,0.4534238349418396
2020-08,2020-08-01,2020-08-31,5,18,4.367478978564233,8.23609940040389,0.4697151204428086
2020-08,2020-08-01,2020-08-31,6,17,4.498167874648112,8.626225403146057,0.478547375656612
2020-08,2020-08-01,2020-08-31,7,18,4.656576258079621,8.566731517264264,0.4564349018414585
2020-09,2020-09-01,2020-09-30,1,25,5.611489616861859,5.758472019555187,0.025524549254418605
2020-09,2020-09-01,2020-09-30,2,25,6.549522830141236,7.701947805587882,0.14962773113192795
2020-09,2020-09-01,2020-09-30,3,25,7.440553443480694,9.132360045464699,0.18525404096657216
2020-09,2020-09-01,2020-09-30,4,25,7.47295029936037,9.16515138991168,0.18463427591757609
2020-09,2020-09-01,2020-09-30,5,25,8.088338198255999,9.606247966818263,0.15801276146580867
2020-09,2020-09-01,2020-09-30,6,25,8.119373006477256,7.792303895511263,-0.041973351572491824
2020-09,2020-09-01,2020-09-30,7,25,8.123119853946077,5.751521537819362,-0.41234276887118915
2020-10,2020-10-01,2020-10-31,1,29,9.579842817002103,10.998432490195105,0.1289810774815091
2020-10,2020-10-01,2020-10-31,2,29,10.940093740045864,14.400670482475029,0.24030664034987337
2020-10,2020-10-01,2020-10-31,3,28,10.709274738784233,14.957081457098699,0.2839997047885594
2020-10,2020-10-01,2020-10-31,4,28,10.368584636820062,14.267845968170128,0.2732901196192372
2020-10,2020-10-01,2020-10-31,5,28,10.234795213535723,13.665650368716449,0.25105685149348445
2020-10,2020-10-01,2020-10-31,6,28,15.334417775025399,18.35658698435757,0.16463677108971786
2020-10,2020-10-01,2020-10-31,7,28,14.469999235765332,16.58635411587317,0.127596147129313
2020-11,2020-11-01,2020-11-30,1,26,13.902063924528125,16.33895769201752,0.14914621932584793
2020-11,2020-11-01,2020-11-30,2,26,15.82093369911071,22.689373995500453,0.3027161656267744
2020-11,2020-11-01,2020-11-30,3,27,8.785895221187147,17.486502731472,0.4975613273788362
2020-11,2020-11-01,2020-11-30,4,27,13.724289594738694,19.980546094194278,0.3131173927860488
2020-11,2020-11-01,2020-11-30,5,27,14.548014834690873,21.01234205219681,0.30764429788206793
2020-11,2020-11-01,2020-11-30,6,27,9.035167805308753,17.76909510191053,0.4915234707513444
2020-11,2020-11-01,2020-11-30,7,27,7.847150462802253,15.157200953366711,0.48228234969338146
2020-12,2020-12-01,2020-12-31,1,27,8.537495257643435,10.075639856531124,0.15265974377703162
2020-12,2020-12-01,2020-12-31,2,27,8.970601398301083,10.884919911578656,0.17586886525836976
2020-12,2020-12-01,2020-12-31,3,27,9.879853889576857,10.07012449810862,0.018894563673716336
2020-12,2020-12-01,2020-12-31,4,28,10.106356088558073,10.703804397102395,0.05581644491803839
2020-12,2020-12-01,2020-12-31,5,27,10.189086905422638,10.489854004562554,0.028672191148618298
2020-12,2020-12-01,2020-12-31,6,26,10.462253402910124,14.31244751417988,0.2690101820429541
2020-12,2020-12-01,2020-12-31,7,25,10.292299758297315,13.638181696985855,0.2453319667553635
2021-01,2021-01-01,2021-01-31,1,13,5.4338195682920025,3.49725166820594,-0.5537399317560425
2021-01,2021-01-01,2021-01-31,2,11,7.003724562774867,4.502524544378106,-0.5555105793970145
2021-01,2021-01-01,2021-01-31,3,10,8.069730989856653,5.263078946776307,-0.5332718873235696
2021-01,2021-01-01,2021-01-31,4,9,9.136913500528172,5.70574758954123,-0.6013525584756589
2021-01,2021-01-01,2021-01-31,5,8,10.151065514907682,5.958187643906492,-0.7037169893917816
2021-01,2021-01-01,2021-01-31,6,8,10.81086635980978,5.0373604199024715,-1.1461371549068327
2021-01,2021-01-01,2021-01-31,7,8,11.389568913963787,3.758324094593227,-2.030491417796822
2021-02,2021-02-01,2021-02-28,1,25,24.20511035738267,29.87507322166759,0.18978908678197481
2021-02,2021-02-01,2021-02-28,2,25,22.57535923520075,30.907604242321984,0.26958559912294455
2021-02,2021-02-01,2021-02-28,3,25,20.712754796762958,29.86436002997553,0.30643902042524596
2021-02,2021-02-01,2021-02-28,4,25,20.86062627051691,30.93153730418196,0.32558714863174476
2021-02,2021-02-01,2021-02-28,5,25,21.02964826363822,33.431721463304875,0.37096723282046196
2021-02,2021-02-01,2021-02-28,6,25,20.786897675618945,30.8966017548856,0.3272108744991036
2021-02,2021-02-01,2021-02-28,7,25,20.8313728533279,32.458589001988365,0.3582169313628575
2021-03,2021-03-01,2021-03-31,1,31,6.145060200354137,6.00537393748568,-0.02326021065841255
2021-03,2021-03-01,2021-03-31,2,31,7.109305534891465,9.058946745015794,0.2152172062604315
2021-03,2021-03-01,2021-03-31,3,31,6.4423337461700045,10.256390612057283,0.3718712566781067
2021-03,2021-03-01,2021-03-31,4,31,6.189573006545941,11.206277042858183,0.4476691069769164
2021-03,2021-03-01,2021-03-31,5,31,6.108343441110583,11.730852621434064,0.47929245739992465
2021-03,2021-03-01,2021-03-31,6,31,6.259824421542785,11.821249319926848,0.4704599952061985
2021-03,2021-03-01,2021-03-31,7,31,6.020714777220091,11.138425208665373,0.45946445171296313
2021-04,2021-04-01,2021-04-30,1,27,4.530545676342176,4.299009360478467,-0.05385806274167759
2021-04,2021-04-01,2021-04-30,2,26,5.806437800322225,5.66025278043848,-0.02582658859140574
2021-04,2021-04-01,2021-04-30,3,26,6.187426328512136,5.912828296301057,-0.04644106313434837
2021-04,2021-04-01,2021-04-30,4,26,6.609288641745039,5.095246653650681,-0.2971479284539771
2021-04,2021-04-01,2021-04-30,5,26,6.7576540207051785,4.783786720226497,-0.41261607507142894
2021-04,2021-04-01,2021-04-30,6,26,6.614439636100401,5.817744738827396,-0.1369422229813375
2021-04,2021-04-01,2021-04-30,7,26,6.6389180807523696,6.495560614166239,-0.022070068328433612
2021-05,2021-05-01,2021-05-31,1,31,4.406522638086478,4.898979485566356,0.10052233305544178
2021-05,2021-05-01,2021-05-31,2,31,4.387437664259637,5.180609006421866,0.1531038804856758
2021-05,2021-05-01,2021-05-31,3,31,4.38787135441038,5.340049534625879,0.17830886662031842
2021-05,2021-05-01,2021-05-31,4,31,4.294911242114219,5.866801073729165,0.26792962840579004
2021-05,2021-05-01,2021-05-31,5,31,4.258418643517389,6.098651358054236,0.3017442064640288
2021-05,2021-05-01,2021-05-31,6,31,4.496980853944872,6.672040844618539,0.32599620435897103
2021-05,2021-05-01,2021-05-31,7,31,4.526712109524828,6.07480253230108,0.2548379827236704
2021-06,2021-06-01,2021-06-30,1,28,3.144859987341274,3.111040248626081,-0.010870877909769483
2021-06,2021-06-01,2021-06-30,2,27,3.6268426852724986,4.158881616047312,0.12792836629970583
2021-06,2021-06-01,2021-06-30,3,27,3.7336675547531866,4.488668861494257,0.1682016049831161
2021-06,2021-06-01,2021-06-30,4,27,3.8238680146962896,4.8914134895678085,0.2182488716499501
2021-06,2021-06-01,2021-06-30,5,27,3.8184043279693016,4.864839839775475,0.21510173947565536
2021-06,2021-06-01,2021-06-30,6,26,3.578944886368545,5.049752469181039,0.29126330286265045
2021-06,2021-06-01,2021-06-30,7,26,4.345362270618883,5.166459880063687,0.15892847878549343
2021-07,2021-07-01,2021-07-31,1,26,13.980700115598818,17.82284618555202,0.21557421468787707
2021-07,2021-07-01,2021-07-31,2,26,13.455690490692431,18.422394398791255,0.2696014318543035
2021-07,2021-07-01,2021-07-31,3,25,13.626446038513377,19.872594194015033,0.31430965149898693
2021-07,2021-07-01,2021-07-31,4,25,13.322184845424303,19.19166485743225,0.3058348535997337
2021-07,2021-07-01,2021-07-31,5,24,13.307879184582802,19.558672415751197,0.3195918975632742
2021-07,2021-07-01,2021-07-31,6,24,13.170308426380215,17.416467303484175,0.24380138653345118
2021-07,2021-07-01,2021-07-31,7,24,4.632620982914183,14.42942595300774,0.6789462728454185
2021-08,2021-08-01,2021-08-31,1,25,17.31121974939952,20.452872658871172,0.15360448196547105
2021-08,2021-08-01,2021-08-31,2,25,19.19300458090396,25.295849461917662,0.24125874445139306
2021-08,2021-08-01,2021-08-31,3,25,18.258030504053362,22.640671368137475,0.19357380321556472
2021-08,2021-08-01,2021-08-31,4,27,14.678185729305023,19.27769772637878,0.23859239118476172
2021-08,2021-08-01,2021-08-31,5,27,15.814499669881398,21.93086781144246,0.2788931196954203
2021-08,2021-08-01,2021-08-31,6,27,18.33802873694498,25.323828626341164,0.2758587570810578
2021-08,2021-08-01,2021-08-31,7,26,17.39013990521849,25.340754648467875,0.31374814418678276
2021-09,2021-09-01,2021-09-30,1,26,6.110826660016887,6.400120191179105,0.045201265370130694
2021-09,2021-09-01,2021-09-30,2,25,7.12637890238489,8.651011501552867,0.17623749533731448
2021-09,2021-09-01,2021-09-30,3,24,8.086153754309338,10.6907280699991,0.24362927376282817
2021-09,2021-09-01,2021-09-30,4,24,8.524374960899067,11.32843031197762,0.24752373222562063
2021-09,2021-09-01,2021-09-30,5,24,7.951001378542558,12.355835328567093,0.3564982725077612
2021-09,2021-09-01,2021-09-30,6,24,7.628061482317875,10.835897132525146,0.29603784633379326
2021-09,2021-09-01,2021-09-30,7,24,7.825425192967945,10.778064142816495,0.27394891241359554
2021-10,2021-10-01,2021-10-31,1,31,7.981528515850667,9.683707634392269,0.17577762390266827
2021-10,2021-10-01,2021-10-31,2,31,8.18232265916956,10.199620486298308,0.19778165568402184
2021-10,2021-10-01,2021-10-31,3,31,8.035337483892883,10.12024480132322,0.20601352619036806
2021-10,2021-10-01,2021-10-31,4,31,8.138331934150973,9.179219167016823,0.11339605405719178
2021-10,2021-10-01,2021-10-31,5,30,8.39855967691442,9.626352718795768,0.12754498798740688
2021-10,2021-10-01,2021-10-31,6,30,8.760875537087204,9.998333194421292,0.12376639518520394
2021-10,2021-10-01,2021-10-31,7,30,8.924110191976283,10.340857475728662,0.1370048167743989
2021-11,2021-11-01,2021-11-30,1,26,5.340646786027256,4.269750488116282,-0.25081004168546395
2021-11,2021-11-01,2021-11-30,2,26,7.430092971268694,5.331329751860873,-0.39366599274322844
2021-11,2021-11-01,2021-11-30,3,26,8.222753294944303,4.502136245076416,-0.8264114738723851
2021-11,2021-11-01,2021-11-30,4,26,8.812447534960302,5.690748227132825,-0.5485569178660161
2021-11,2021-11-01,2021-11-30,5,27,8.904835123606532,5.947299418254505,-0.49729053430103654
2021-11,2021-11-01,2021-11-30,6,27,9.1356848052041,5.919209156385423,-0.5433961807801406
2021-11,2021-11-01,2021-11-30,7,27,9.030016991629648,7.128451081042418,-0.26675723645551863
2021-12,2021-12-01,2021-12-31,1,30,11.086977788252968,11.480418110852932,0.034270556943220454
2021-12,2021-12-01,2021-12-31,2,30,12.465515382915774,14.5728057239046,0.14460429795836216
2021-12,2021-12-01,2021-12-31,3,30,13.360581312904117,14.699206327780649,0.09106784305398918
2021-12,2021-12-01,2021-12-31,4,30,14.043092077657537,17.246255632262134,0.1857309564989006
2021-12,2021-12-01,2021-12-31,5,30,14.197287572944148,20.118813748992924,0.2943277993388247
2021-12,2021-12-01,2021-12-31,6,30,14.081452663825448,19.652819984249927,0.28348945977673734
2021-12,2021-12-01,2021-12-31,7,30,14.513822922982781,19.08489804356663,0.2395126822343555
2022-01,2022-01-01,2022-01-31,1,30,7.295499767543578,7.035623639735144,-0.03693718440832017
2022-01,2022-01-01,2022-01-31,2,30,8.509239923142593,10.142320576015464,0.16101646961690175
2022-01,2022-01-01,2022-01-31,3,30,8.861693664646285,12.890565025113006,0.3125442021057879
2022-01,2022-01-01,2022-01-31,4,30,9.283966699910831,14.329456840136451,0.352106168190083
2022-01,2022-01-01,2022-01-31,5,30,8.906418404937497,14.88399587924336,0.40161106753878906
2022-01,2022-01-01,2022-01-31,6,30,8.140007268102034,14.668560483792083,0.4450711590209364
2022-01,2022-01-01,2022-01-31,7,30,7.790961632503088,14.726393539039579,0.47095250362220076
2022-02,2022-02-01,2022-02-28,1,28,6.9160798338958624,8.152563137706185,0.15166804389303035
2022-02,2022-02-01,2022-02-28,2,28,7.4638494976118706,9.978548420057326,0.25201049457161506
2022-02,2022-02-01,2022-02-28,3,28,7.113954211943008,10.173494974687902,0.3007364499965022
2022-02,2022-02-01,2022-02-28,4,28,6.3822675458852975,8.68084920138248,0.2647876494768645
2022-02,2022-02-01,2022-02-28,5,28,6.64123065956774,8.12403840463596,0.18252101617614958
2022-02,2022-02-01,2022-02-28,6,28,7.274719589953112,9.40174755792013,0.22623751115027413
2022-02,2022-02-01,2022-02-28,7,28,7.786746056925207,9.287087810503355,0.16155136940573733
2022-03,2022-03-01,2022-03-31,1,22,44.385949488335,48.32465961879843,0.0815051810304166
2022-03,2022-03-01,2022-03-31,2,21,55.94497079019964,75.01745828551543,0.25424065185901346
2022-03,2022-03-01,2022-03-31,3,21,55.976882840093005,79.64863314523835,0.29720221641443845
2022-03,2022-03-01,2022-03-31,4,20,56.73629338211975,81.0968556727078,0.3003884933455727
2022-03,2022-03-01,2022-03-31,5,19,58.070205117688715,82.82384604499003,0.29887094248020196
2022-03,2022-03-01,2022-03-31,6,19,57.873354923151965,82.23458102154758,0.29624065442751324
2022-03,2022-03-01,2022-03-31,7,18,59.348194988730235,85.79756536302311,0.308276467547551
2022-04,2022-04-01,2022-04-30,1,27,5.629725030439803,5.849976258261415,0.03764993533274086
2022-04,2022-04-01,2022-04-30,2,26,6.272707568990871,7.0819380224516335,0.11426680816681622
2022-04,2022-04-01,2022-04-30,3,26,6.014428718202194,7.043818894277778,0.1461409203623668
2022-04,2022-04-01,2022-04-30,4,26,6.488548709089396,7.827466433606136,0.171053780412048
2022-04,2022-04-01,2022-04-30,5,26,6.210153523110374,7.615773105863909,0.18456689336913823
2022-04,2022-04-01,2022-04-30,6,26,6.196447831536717,8.894682940689039,0.3033537144768984
2022-04,2022-04-01,2022-04-30,7,26,6.252103703002771,8.890357784614832,0.2967545452644976
2022-05,2022-05-01,2022-05-31,1,31,6.024890725697682,6.428264201568048,0.06274998401154253
2022-05,2022-05-01,2022-05-31,2,31,7.681977162176687,9.1104335791443,0.1567934615359745
2022-05,2022-05-01,2022-05-31,3,31,7.80737634836666,9.53600985061193,0.1812742991382651
2022-05,2022-05-01,2022-05-31,4,31,7.718588864858625,9.881556622836433,0.21888937548353016
2022-05,2022-05-01,2022-05-31,5,31,7.635452763910833,9.370509677328295,0.18516142378203682
2022-05,2022-05-01,2022-05-31,6,31,7.669046820597094,8.181410872885419,0.06262539068736739
2022-05,2022-05-01,2022-05-31,7,31,7.7964417083304465,8.691857517054348,0.10301777346982521
2022-06,2022-06-01,2022-06-30,1,27,3.3647529368462923,3.676753801727622,0.08485769831385703
2022-06,2022-06-01,2022-06-30,2,26,3.8616220870626012,4.1509961733021665,0.06971196169746519
2022-06,2022-06-01,2022-06-30,3,26,4.074662985027514,4.714951667914447,0.13579962807342005
2022-06,2022-06-01,2022-06-30,4,26,4.359928655844012,6.028777143513753,0.2768137630473243
2022-06,2022-06-01,2022-06-30,5,26,4.864446733402934,6.49852054169018,0.2514532035105709
2022-06,2022-06-01,2022-06-30,6,26,5.112906982991051,6.8808541509142485,0.2569371663964557
2022-06,2022-06-01,2022-06-30,7,26,4.863079823970335,6.3397403489660125,0.23292129388808736
2022-07,2022-07-01,2022-07-31,1,11,4.047102764470811,4.123105625617661,0.01843340143280081
2022-07,2022-07-01,2022-07-31,2,17,4.892411679093762,5.5835894000396635,0.12378734742583186
2022-07,2022-07-01,2022-07-31,3,10,5.983101137212496,7.745966692414834,0.22758496456337818
2022-07,2022-07-01,2022-07-31,4,15,5.236042255493594,7.425182377109221,0.2948264447166219
2022-07,2022-07-01,2022-07-31,5,9,4.21618677956466,8.660254037844387,0.5131566855729204
2022-07,2022-07-01,2022-07-31,6,13,3.6065421904177697,7.951777740277279,0.5464483153056527
2022-07,2022-07-01,2022-07-31,7,8,3.081268331778513,7.254309064273454,0.5752499232554944
2022-09,2022-09-01,2022-09-30,1,24,5.880213815587763,5.066228051190222,-0.16066899400754564
2022-09,2022-09-01,2022-09-30,2,23,7.7847584993036385,6.524202433348029,-0.1932122859205534
2022-09,2022-09-01,2022-09-30,3,23,8.404111882636679,6.290088822211047,-0.33608795045322193
2022-09,2022-09-01,2022-09-30,4,23,8.587895520817144,6.8967541199686355,-0.24520830689788298
2022-09,2022-09-01,2022-09-30,5,23,8.79023826786529,6.7308504534038605,-0.30596249741664905
2022-09,2022-09-01,2022-09-30,6,24,8.72291463848065,6.445282512556503,-0.3533797194284245
2022-09,2022-09-01,2022-09-30,7,24,8.801215195890693,8.361618663073955,-0.052573138112367745
2022-10,2022-10-01,2022-10-31,1,26,8.508806358414368,5.727799953532971,-0.4855278514337851
2022-10,2022-10-01,2022-10-31,2,25,12.416080725218317,9.654014708917737,-0.28610542863055377
2022-10,2022-10-01,2022-10-31,3,25,13.761081390663769,12.240914998479484,-0.12418731707336539
2022-10,2022-10-01,2022-10-31,4,25,14.079384081828632,14.397221954252146,0.022076333436649054
2022-10,2022-10-01,2022-10-31,5,25,13.942440268754911,15.491933384829668,0.10001935056034283
2022-10,2022-10-01,2022-10-31,6,25,14.01599216897411,16.403658128600462,0.1455569203471363
2022-10,2022-10-01,2022-10-31,7,26,13.770307361980992,16.93993915164805,0.18710998671790935
2022-11,2022-11-01,2022-11-30,1,30,9.369780665096389,11.16243700990066,0.16059721933608695
2022-11,2022-11-01,2022-11-30,2,30,9.900149076819776,13.141537200799608,0.24665212862484664
2022-11,2022-11-01,2022-11-30,3,30,9.679136338288549,13.538833036861043,0.2850834106650124
2022-11,2022-11-01,2022-11-30,4,30,9.73083871483413,13.67966861197059,0.2886641489020413
2022-11,2022-11-01,2022-11-30,5,30,9.655046835473414,12.693830522475606,0.23939059857635125
2022-11,2022-11-01,2022-11-30,6,30,9.61821628242868,10.712920547948942,0.10218541812389803
2022-11,2022-11-01,2022-11-30,7,30,9.821394155389957,11.329901441171794,0.13314390187897518
2022-12,2022-12-01,2022-12-31,1,31,9.492829068766094,9.657021513703334,0.017002389888461034
2022-12,2022-12-01,2022-12-31,2,31,13.366506604040723,13.96654990071035,0.04296288639180024
2022-12,2022-12-01,2022-12-31,3,31,14.379892173019297,14.089575189914637,-0.020605091295617495
2022-12,2022-12-01,2022-12-31,4,31,14.917113925920004,13.620430574407626,-0.0952013480358549
2022-12,2022-12-01,2022-12-31,5,31,15.379233845711331,14.327955980552325,-0.07337249406586199
2022-12,2022-12-01,2022-12-31,6,31,15.453446281565073,16.379570280707767,0.05654141001693458
2022-12,2022-12-01,2022-12-31,7,31,15.458132490305331,18.023282433491946,0.14232423825417617
2023-01,2023-01-01,2023-01-31,1,31,11.108489068182745,13.209234306641015,0.15903610986763317
2023-01,2023-01-01,2023-01-31,2,31,11.083249500461857,15.35914144105886,0.27839394259150874
2023-01,2023-01-01,2023-01-31,3,31,10.73009335552297,14.768099884330022,0.27342762849888747
2023-01,2023-01-01,2023-01-31,4,31,10.661092891933036,16.97626426476381,0.3720000628135036
2023-01,2023-01-01,2023-01-31,5,31,10.252028568743764,18.092949972563275,0.433368876590591
2023-01,2023-01-01,2023-01-31,6,31,10.268331482777882,17.336331419789314,0.40769870890581583
2023-01,2023-01-01,2023-01-31,7,31,10.41994559487664,17.38093133849704,0.4004955550455749
2023-02,2023-02-01,2023-02-28,1,25,9.651493499474027,12.653853168106544,0.23726841371921614
2023-02,2023-02-01,2023-02-28,2,24,9.865914563088841,14.628738838327793,0.3255799647444789
2023-02,2023-02-01,2023-02-28,3,23,12.533483192202109,16.423736798755105,0.23686775148807004
2023-02,2023-02-01,2023-02-28,4,22,12.614138597152019,16.65696687439059,0.2427109513830069
2023-02,2023-02-01,2023-02-28,5,21,12.888149373328465,14.262838827827068,0.09638259753847578
2023-02,2023-02-01,2023-02-28,6,20,12.577945286615593,17.362315513778686,0.2755606084549166
2023-02,2023-02-01,2023-02-28,7,19,12.616206786407696,15.907628094060641,0.20690836422570424
2023-03,2023-03-01,2023-03-31,1,20,10.36434563383716,13.038404810405298,0.20509097665337905
2023-03,2023-03-01,2023-03-31,2,20,9.474616440523752,13.605146085213491,0.3036005360632571
2023-03,2023-03-01,2023-03-31,3,18,4.941452550231639,8.812869377601524,0.43929129792951893
2023-03,2023-03-01,2023-03-31,4,19,6.00403942989784,11.243711692834308,0.4660091263524434
2023-03,2023-03-01,2023-03-31,5,18,6.153384023703353,12.299503151663394,0.4997046671050964
2023-03,2023-03-01,2023-03-31,6,19,6.082170175524186,10.927993989364149,0.4434321448708922
2023-03,2023-03-01,2023-03-31,7,19,6.362416497659819,10.109922171599022,0.37067601612866663
2023-04,2023-04-01,2023-04-30,1,27,5.945362315455631,7.213670150279747,0.17582004838063348
2023-04,2023-04-01,2023-04-30,2,27,5.53108861228587,7.300431240433424,0.242361385221746
2023-04,2023-04-01,2023-04-30,3,27,5.56533194866076,7.446102634562892,0.2525845772219252
2023-04,2023-04-01,2023-04-30,4,27,5.406487891040624,8.357742030707328,0.3531162039727296
2023-04,2023-04-01,2023-04-30,5,27,5.4449092404987995,9.30551409609338,0.4148728179580461
2023-04,2023-04-01,2023-04-30,6,27,5.488571106272815,9.219544457292887,0.40468087857299506
2023-04,2023-04-01,2023-04-30,7,27,5.7312974943135515,9.722063490767715,0.41048549006534285
2023-05,2023-05-01,2023-05-31,1,31,4.178482205998722,3.6278492695508513,-0.1517794416293492
2023-05,2023-05-01,2023-05-31,2,31,5.523354209147027,4.852668039004336,-0.138209777539265
2023-05,2023-05-01,2023-05-31,3,31,5.838338285367544,5.254798114657351,-0.11104901805504341
2023-05,2023-05-01,2023-05-31,4,31,6.136665278248868,5.35814122801507,-0.14529741137902108
2023-05,2023-05-01,2023-05-31,5,31,6.319109046841087,5.303681010210221,-0.19145722276208632
2023-05,2023-05-01,2023-05-31,6,31,6.3455161667120255,5.385164807134504,-0.17833277048553953
2023-05,2023-05-01,2023-05-31,7,31,6.288080341543951,5.733320830193918,-0.09676059090020783
2023-06,2023-06-01,2023-06-30,1,30,3.8968944388232374,4.2972859651955515,0.09317311661712835
2023-06,2023-06-01,2023-06-30,2,30,3.9397949251944393,4.586211217697385,0.14094778060123758
2023-06,2023-06-01,2023-06-30,3,30,3.9487286754341295,5.049752469181039,0.21803520082747174
2023-06,2023-06-01,2023-06-30,4,30,3.815267274341524,5.128352561983234,0.2560442699231884
2023-06,2023-06-01,2023-06-30,5,30,3.7728368104520014,6.121002096606949,0.3836243231245754
2023-06,2023-06-01,2023-06-30,6,30,3.6114488901737674,5.455883674224246,0.33806343649963044
2023-06,2023-06-01,2023-06-30,7,30,3.4575857088040407,4.868264577855234,0.28977037843589903
2023-07,2023-07-01,2023-07-31,1,26,8.162437198679322,7.369375299690762,-0.10761589235682423
2023-07,2023-07-01,2023-07-31,2,26,11.389784723388567,10.773900086641007,-0.0571645023431413
2023-07,2023-07-01,2023-07-31,3,26,12.44096867817916,12.575923272422036,0.010731187787923258
2023-07,2023-07-01,2023-07-31,4,25,12.51697056706847,13.903956271507761,0.09975475162285485
2023-07,2023-07-01,2023-07-31,5,25,13.198125750972595,13.918333233544885,0.05174523920985752
2023-07,2023-07-01,2023-07-31,6,25,12.99087437508545,13.8,0.05863229166047468
2023-07,2023-07-01,2023-07-31,7,25,13.24545428225911,14.634206503941373,0.09489767834752327
2023-08,2023-08-01,2023-08-31,1,27,3.844890281621541,4.233901974057256,0.0918801840050475
2023-08,2023-08-01,2023-08-31,2,26,4.111604001979328,5.091470997960896,0.19245263232845666
2023-08,2023-08-01,2023-08-31,3,25,6.589900298356836,8.104319835741924,0.1868657170594561
2023-08,2023-08-01,2023-08-31,4,25,34.70341058631188,36.342812219199544,0.045109377419658814
2023-08,2023-08-01,2023-08-31,5,25,19.782865339509726,21.59629597870894,0.08396952148586101
2023-08,2023-08-01,2023-08-31,6,25,4.321890194478163,6.826419266350405,0.36688767187475047
2023-08,2023-08-01,2023-08-31,7,25,6.6067335209509945,7.825599018605541,0.15575363556919608
2023-09,2023-09-01,2023-09-30,1,30,30.94895335977186,35.94208304110007,0.1389215442972107
2023-09,2023-09-01,2023-09-30,2,30,37.88572222612168,51.675268101223566,0.26685001126826047
2023-09,2023-09-01,2023-09-30,3,30,37.49550742456778,54.01604699839977,0.30584503109458216
2023-09,2023-09-01,2023-09-30,4,30,20.01175708161846,43.64019553882254,0.5414375019512482
2023-09,2023-09-01,2023-09-30,5,30,9.434469411518466,40.37119435108817,0.7663069036434349
2023-09,2023-09-01,2023-09-30,6,30,9.36196984866705,40.454089204100654,0.7685779105930762
2023-09,2023-09-01,2023-09-30,7,30,9.366398761910128,39.85599076675927,0.7649939549433582
2023-10,2023-10-01,2023-10-31,1,31,7.901256139266861,9.47662659456957,0.16623747275274614
2023-10,2023-10-01,2023-10-31,2,31,8.996209414298498,11.186108897112726,0.19576954801320312
2023-10,2023-10-01,2023-10-31,3,31,9.004476028575306,11.040979386198112,0.18444952086121613
2023-10,2023-10-01,2023-10-31,4,31,9.117594387955133,10.902796326719834,0.16373798842684506
2023-10,2023-10-01,2023-10-31,5,31,9.20887178543055,10.750843927864004,0.14342800925953136
2023-10,2023-10-01,2023-10-31,6,31,9.393312099418425,12.443420336765103,0.2451181552016597
2023-10,2023-10-01,2023-10-31,7,31,9.371892377098622,12.400572307292398,0.2442371089931633
2023-11,2023-11-01,2023-11-30,1,28,9.76710275299812,11.93584038575775,0.1816996175105895
2023-11,2023-11-01,2023-11-30,2,28,8.591744586942669,12.836888808652752,0.3306988387130555
2023-11,2023-11-01,2023-11-30,3,28,8.332738270844272,12.691391908353811,0.3434338541417634
2023-11,2023-11-01,2023-11-30,4,28,8.085077630027689,11.712325619985615,0.309694940838093
2023-11,2023-11-01,2023-11-30,5,28,8.42339964436939,12.467099559583673,0.32434969303712846
2023-11,2023-11-01,2023-11-30,6,28,8.319154959539866,11.82310087437785,0.29636437615376154
2023-11,2023-11-01,2023-11-30,7,28,8.244916279309056,10.012492197250394,0.1765370582188064
2023-12,2023-12-01,2023-12-31,1,23,9.82691615052432,10.266026706950752,0.042773174954739424
2023-12,2023-12-01,2023-12-31,2,21,11.655216914384598,12.774602780144525,0.08762588434450425
2023-12,2023-12-01,2023-12-31,3,20,11.966593900001135,14.946571513226704,0.19937532902368216
2023-12,2023-12-01,2023-12-31,4,19,12.239988595889566,16.484442426277667,0.2574824019295954
2023-12,2023-12-01,2023-12-31,5,19,11.958580291085694,15.788070113054884,0.24255591687565736
2023-12,2023-12-01,2023-12-31,6,19,12.137816825548407,17.406895185529212,0.30270064269480534
2023-12,2023-12-01,2023-12-31,7,19,12.273418558466112,17.609805880755605,0.3030349884845248
